{
  "avg_delivery_days": 8.029126213592233,
  "median_delivery_days": 8.0,
  "fast_delivery_percentage": 7.162891046386193,
  "slow_delivery_percentage": 55.577130528586835
}