{
  "score_counts": {
    "5.0": 5153,
    "4.0": 2702,
    "3.0": 1627,
    "2.0": 726,
    "1.0": 346
  },
  "average_score": 4.102015503875969,
  "total_reviews": 3225,
  "score_5_percentage": 34.71413160733549,
  "score_4_plus_percentage": 51.62891046386192
}